SNo,Name,Symbol,Date,High,Low,Open,Close,Volume,Marketcap
1,Dogecoin,DOGE,01-01-2020,0.002052103,0.002021168,0.002028037,0.002032614,51180941.2,249432496.9
2,Dogecoin,DOGE,01-02-2020,0.002110007,0.001983124,0.002034263,0.002008643,65071106.43,246518478.9
3,Dogecoin,DOGE,01-03-2020,0.002177209,0.001990922,0.002007977,0.002145376,62619987.78,263328861.9
4,Dogecoin,DOGE,01-04-2020,0.002489779,0.002049937,0.002144226,0.002241144,94227581.64,275114092.7
5,Dogecoin,DOGE,01-05-2020,0.002491296,0.002116777,0.002240008,0.002419075,52631739.97,296989930
6,Dogecoin,DOGE,01-06-2020,0.002563552,0.002378505,0.002418308,0.002462966,54562408.69,302412673.4
7,Dogecoin,DOGE,01-07-2020,0.002496801,0.00235361,0.002484822,0.002432763,52767343.05,298738083.4
8,Dogecoin,DOGE,01-08-2020,0.002465177,0.002265449,0.002433075,0.002292894,77251525.71,281594191.2
9,Dogecoin,DOGE,01-09-2020,0.002314182,0.002145303,0.002291321,0.002256095,70690570.95,277106182.7
10,Dogecoin,DOGE,01-10-2020,0.002360578,0.002199064,0.00225453,0.002355722,87683356.33,289375370.8
11,Dogecoin,DOGE,01-11-2020,0.002372904,0.002295645,0.002350604,0.002313559,94203408.76,284228140.9
12,Dogecoin,DOGE,01-12-2020,0.002412745,0.002312906,0.002312906,0.002380681,79426214.91,292507504
13,Dogecoin,DOGE,01-13-2020,0.002406591,0.002327062,0.00238106,0.002357752,83849845.96,289722805.4
14,Dogecoin,DOGE,01-14-2020,0.002514452,0.002340072,0.002357932,0.002470019,128635382.7,303552342.2
15,Dogecoin,DOGE,01-15-2020,0.002541363,0.002363101,0.002467566,0.002368673,128940321,291129905.1
16,Dogecoin,DOGE,01-16-2020,0.002423745,0.002293386,0.002372113,0.002344843,98124199.02,288233512.7
17,Dogecoin,DOGE,01-17-2020,0.002516305,0.00231049,0.002346193,0.002489898,117752841.3,306098384.4
18,Dogecoin,DOGE,01-18-2020,0.00253792,0.002452454,0.00249017,0.002507053,108133942.5,308242054.7
19,Dogecoin,DOGE,01-19-2020,0.002569967,0.002359251,0.002514212,0.002405036,108085146.9,295732370.6
20,Dogecoin,DOGE,01-20-2020,0.002423205,0.002358557,0.002405322,0.002374056,92022276.77,291955767
21,Dogecoin,DOGE,01-21-2020,0.002402673,0.002335021,0.002374483,0.00237643,84321564.88,292280593.4
22,Dogecoin,DOGE,01-22-2020,0.002398756,0.002320486,0.002376046,0.002323446,82852580.2,285795825.1
23,Dogecoin,DOGE,01-23-2020,0.002357853,0.002238143,0.002323335,0.002267636,91866620.08,278962447.8
24,Dogecoin,DOGE,01-24-2020,0.002293265,0.002210845,0.002268044,0.002275864,86865882.44,280006237.4
25,Dogecoin,DOGE,01-25-2020,0.002276228,0.002235246,0.002276085,0.002257336,82421398.54,277757847.4
26,Dogecoin,DOGE,01-26-2020,0.002306579,0.002239578,0.002257507,0.002304631,73458474.46,283609272.6
27,Dogecoin,DOGE,01-27-2020,0.002412843,0.002282611,0.002304434,0.002367672,89023414.02,291399495.4
28,Dogecoin,DOGE,01-28-2020,0.002449631,0.002362596,0.002365289,0.002449574,91528770.78,301513933
29,Dogecoin,DOGE,01-29-2020,0.002471278,0.002389703,0.002450594,0.002389703,80676218.55,294177531.7
30,Dogecoin,DOGE,01-30-2020,0.00244622,0.002370656,0.002391217,0.002440406,83967913.63,300452707.3
31,Dogecoin,DOGE,01-31-2020,0.002458362,0.002368659,0.002439877,0.002393568,76519295.3,294719511.4
32,Dogecoin,DOGE,02-01-2020,0.002430717,0.002382002,0.002391252,0.00242204,78730830.13,298258838.8
33,Dogecoin,DOGE,02-02-2020,0.002505936,0.002394598,0.002421095,0.002468476,91552515,304011347
34,Dogecoin,DOGE,02-03-2020,0.002517122,0.002427054,0.002465532,0.002439852,78856631.33,300519838.7
35,Dogecoin,DOGE,02-04-2020,0.002503301,0.002401536,0.002438452,0.002503301,89790001.93,308369226.1
36,Dogecoin,DOGE,02-05-2020,0.002629593,0.002492208,0.002502805,0.002581992,105741619.2,318098839.7
37,Dogecoin,DOGE,02-06-2020,0.002677326,0.002573903,0.002582951,0.002653085,108711613.9,326893710.2
38,Dogecoin,DOGE,02-07-2020,0.00277045,0.002646988,0.00265377,0.002768733,130273878.4,341181361
39,Dogecoin,DOGE,02-08-2020,0.003208615,0.002722267,0.002766879,0.003158599,203803814.4,389267351
40,Dogecoin,DOGE,02-09-2020,0.003530908,0.003152104,0.003155727,0.003232262,218861527,398390042.1
41,Dogecoin,DOGE,02-10-2020,0.003302791,0.00290448,0.003233898,0.002986307,195582002.6,368116092.4
42,Dogecoin,DOGE,02-11-2020,0.003085167,0.002864185,0.003011425,0.003040721,169747135.3,374865844.5
43,Dogecoin,DOGE,02-12-2020,0.00317261,0.003013126,0.003040672,0.003092775,181406959.9,381325934.5
44,Dogecoin,DOGE,02-13-2020,0.003215978,0.002973128,0.003063552,0.003025894,168543941.9,373121830
45,Dogecoin,DOGE,02-14-2020,0.00314698,0.002981177,0.002999218,0.003129847,140849233.4,385983125.9
46,Dogecoin,DOGE,02-15-2020,0.003180644,0.002838743,0.003098151,0.00291957,144726029,360091410
47,Dogecoin,DOGE,02-16-2020,0.002964556,0.002625615,0.002916936,0.002774344,149831932.7,342218086.7
48,Dogecoin,DOGE,02-17-2020,0.002771883,0.002547447,0.002739679,0.002712306,149622002.3,334603231
49,Dogecoin,DOGE,02-18-2020,0.002845878,0.002655134,0.002677453,0.002839305,144188844.2,350309552.4
50,Dogecoin,DOGE,02-19-2020,0.002873943,0.002624076,0.002838629,0.002624076,136889051.8,323790854
51,Dogecoin,DOGE,02-20-2020,0.00267315,0.002568986,0.002625253,0.002658767,187866681.4,328108479.1
52,Dogecoin,DOGE,02-21-2020,0.002703058,0.002613891,0.002656138,0.002648282,157652566.8,326850964.9
53,Dogecoin,DOGE,02-22-2020,0.00265538,0.002577236,0.002650497,0.002601417,156145894.8,321103019.8
54,Dogecoin,DOGE,02-23-2020,0.002682321,0.002596275,0.002599788,0.002680245,180747901.9,330869854.5
55,Dogecoin,DOGE,02-24-2020,0.002686613,0.002556681,0.002679338,0.002589575,159143743.7,319712946.5
56,Dogecoin,DOGE,02-25-2020,0.002590885,0.002436173,0.002590142,0.002476182,178541403.9,305747426.7
57,Dogecoin,DOGE,02-26-2020,0.002486949,0.002211191,0.002475473,0.002339206,201370789.5,288866739
58,Dogecoin,DOGE,02-27-2020,0.002403197,0.002297826,0.002337142,0.002323815,162813945.7,286998184.9
59,Dogecoin,DOGE,02-28-2020,0.002373119,0.002226134,0.002323352,0.002288663,153544452.9,282688554.4
60,Dogecoin,DOGE,02-29-2020,0.002320265,0.002230487,0.002285598,0.002234765,146635830.4,276061991.8
61,Dogecoin,DOGE,03-01-2020,0.002296805,0.002223281,0.002233246,0.002274739,162437207,281031073.2
62,Dogecoin,DOGE,03-02-2020,0.00237024,0.002255807,0.002278447,0.002348606,165788612.3,290189207.5
63,Dogecoin,DOGE,03-03-2020,0.002525224,0.00231631,0.002348348,0.00249926,174988478.7,308838196.6
64,Dogecoin,DOGE,03-04-2020,0.00250754,0.002367058,0.002499746,0.002398018,144601436.2,296360513.9
65,Dogecoin,DOGE,03-05-2020,0.0025307,0.002395044,0.002399134,0.002505808,104912777.1,309716478.8
66,Dogecoin,DOGE,03-06-2020,0.00251715,0.002447188,0.002504474,0.002495689,100268192.1,308500232.5
67,Dogecoin,DOGE,03-07-2020,0.002512568,0.002400884,0.002500657,0.002404551,88138038.13,297267547.2
68,Dogecoin,DOGE,03-08-2020,0.002407633,0.00218437,0.002406346,0.002186929,101738284.2,270393757.8
69,Dogecoin,DOGE,03-09-2020,0.002235784,0.002107441,0.002189466,0.002214386,137033008.1,273818706.3
70,Dogecoin,DOGE,03-10-2020,0.002262536,0.002165793,0.002216847,0.00220657,115431584.1,272882610
71,Dogecoin,DOGE,03-11-2020,0.002227559,0.002099047,0.002207904,0.00218362,107425625.6,270074772.4
72,Dogecoin,DOGE,03-12-2020,0.002187526,0.00153508,0.002183372,0.001537197,167892774.4,190144933.8
73,Dogecoin,DOGE,03-13-2020,0.001799202,0.001247057,0.001540123,0.001737828,218676976.4,214986092.2
74,Dogecoin,DOGE,03-14-2020,0.001784422,0.001639614,0.001736776,0.001665741,113389100.8,206091389.9
75,Dogecoin,DOGE,03-15-2020,0.001818886,0.001654611,0.001663617,0.001685257,119811060,208529246.5
76,Dogecoin,DOGE,03-16-2020,0.001699158,0.001453167,0.001683832,0.001587194,134329667.9,196417176.4
77,Dogecoin,DOGE,03-17-2020,0.001677396,0.001558155,0.001590881,0.001587378,102697603.6,196461667.7
78,Dogecoin,DOGE,03-18-2020,0.001611746,0.001552319,0.001590315,0.001565583,102196814.3,193785698.4
79,Dogecoin,DOGE,03-19-2020,0.001843785,0.001561729,0.001566324,0.001773246,251888349.7,219514141.3
80,Dogecoin,DOGE,03-20-2020,0.001930732,0.001678746,0.001771461,0.001772574,188170527.7,219455535.7
81,Dogecoin,DOGE,03-21-2020,0.001850775,0.001693215,0.001770651,0.001784542,166141810.7,220961923.9
82,Dogecoin,DOGE,03-22-2020,0.001867561,0.00171874,0.001784588,0.001730896,161287088.2,214343344.1
83,Dogecoin,DOGE,03-23-2020,0.001816687,0.001691959,0.001727475,0.001804578,166551896.7,223492493.6
84,Dogecoin,DOGE,03-24-2020,0.001912435,0.001799354,0.001805153,0.001850777,177134004.9,229239744.7
85,Dogecoin,DOGE,03-25-2020,0.001889828,0.001799169,0.001851999,0.001833944,163367838.8,227179862.3
86,Dogecoin,DOGE,03-26-2020,0.001871639,0.001827059,0.001833002,0.001841567,162455889.5,228149691.2
87,Dogecoin,DOGE,03-27-2020,0.001868345,0.001804254,0.001843424,0.001807071,166326062.3,223900764.3
88,Dogecoin,DOGE,03-28-2020,0.001808221,0.00171623,0.001805096,0.001777816,169979142.1,220300503.7
89,Dogecoin,DOGE,03-29-2020,0.001804771,0.001717398,0.001776904,0.001723252,156619234.9,213563007.2
90,Dogecoin,DOGE,03-30-2020,0.001867746,0.00171749,0.001723138,0.001831039,163244392,226946377.4
91,Dogecoin,DOGE,03-31-2020,0.001850678,0.001804503,0.001850678,0.001810937,156195509.9,224479953.1
92,Dogecoin,DOGE,04-01-2020,0.001867188,0.001775524,0.001811804,0.001866659,163418627,231413176.6
93,Dogecoin,DOGE,04-02-2020,0.001939643,0.001850155,0.001867919,0.00188209,165879605.1,233351815.1
94,Dogecoin,DOGE,04-03-2020,0.001916284,0.001833735,0.001883166,0.001853061,161121844.8,229778125.9
95,Dogecoin,DOGE,04-04-2020,0.001909776,0.001841223,0.00185289,0.001880419,160849685.8,233196515.2
96,Dogecoin,DOGE,04-05-2020,0.001909143,0.001846823,0.001880301,0.001865086,152557917.8,231320500.2
97,Dogecoin,DOGE,04-06-2020,0.001983391,0.001851712,0.001865887,0.001980099,173173222.7,245612628.2
98,Dogecoin,DOGE,04-07-2020,0.00202968,0.001934258,0.001972083,0.001997306,129399793.2,247774783.2
99,Dogecoin,DOGE,04-08-2020,0.002043564,0.001959888,0.001986065,0.0020118,116283369.5,249600632.7
100,Dogecoin,DOGE,04-09-2020,0.00203307,0.001984696,0.002012907,0.002021473,109954538.1,250828570.4
101,Dogecoin,DOGE,04-10-2020,0.002022506,0.00189124,0.00202128,0.001968189,122108790,244243873.9
102,Dogecoin,DOGE,04-11-2020,0.002004237,0.001941157,0.001968032,0.001989686,161367395.8,246938787.1
103,Dogecoin,DOGE,04-12-2020,0.002009194,0.001951122,0.001989476,0.001990097,169892708.9,247017402.7
104,Dogecoin,DOGE,04-13-2020,0.001990456,0.00189426,0.001989536,0.001958876,167357649.9,243169532.1
105,Dogecoin,DOGE,04-14-2020,0.001979913,0.001934892,0.001957915,0.001964467,188937615,243890207.3
106,Dogecoin,DOGE,04-15-2020,0.001975295,0.001906349,0.001963468,0.001940491,169903672.2,240940084
107,Dogecoin,DOGE,04-16-2020,0.002028586,0.001886337,0.001940552,0.002027667,179859738.3,251792237.8
108,Dogecoin,DOGE,04-17-2020,0.002029272,0.001991798,0.00202793,0.002013174,161550207.9,250020332.9
109,Dogecoin,DOGE,04-18-2020,0.00206212,0.002007111,0.002012803,0.002060898,168186509.3,255975738.2
110,Dogecoin,DOGE,04-19-2020,0.002072862,0.00202787,0.00205968,0.002058282,172576559.7,255679213.7
111,Dogecoin,DOGE,04-20-2020,0.002065764,0.001961573,0.002058297,0.001982187,169715146.2,246254197.4
112,Dogecoin,DOGE,04-21-2020,0.002031931,0.00195237,0.001982269,0.001971493,163652749.8,244952725.1
113,Dogecoin,DOGE,04-22-2020,0.002032869,0.001964145,0.001970635,0.002010761,163753943.3,249859465.5
114,Dogecoin,DOGE,04-23-2020,0.002123026,0.002004609,0.002010501,0.002047119,179000349.7,254405732.4
115,Dogecoin,DOGE,04-24-2020,0.002120595,0.002041782,0.002047133,0.00210275,209562151.3,261348176.2
116,Dogecoin,DOGE,04-25-2020,0.002145939,0.002086867,0.002101882,0.00214152,229810398.2,266196402
117,Dogecoin,DOGE,04-26-2020,0.002444473,0.002135906,0.002140525,0.002409088,287859775,299489108
118,Dogecoin,DOGE,04-27-2020,0.002414223,0.002307854,0.002410472,0.002354876,276033020.5,292782250.5
119,Dogecoin,DOGE,04-28-2020,0.002371896,0.0023221,0.002353859,0.002338884,254905520.4,290826200.1
120,Dogecoin,DOGE,04-29-2020,0.002541755,0.002330617,0.002339022,0.00251711,295698249.4,313022241.2
121,Dogecoin,DOGE,04-30-2020,0.002689114,0.002391751,0.002516712,0.002442857,298563814.6,303821692.3
122,Dogecoin,DOGE,05-01-2020,0.002559113,0.002441366,0.002444389,0.002493909,282886977.3,310205840.5
123,Dogecoin,DOGE,05-02-2020,0.002553058,0.002472634,0.002495304,0.002549353,269155282.8,317137161.6
124,Dogecoin,DOGE,05-03-2020,0.002583141,0.002479769,0.002547752,0.002510334,265156925.1,312317539.8
125,Dogecoin,DOGE,05-04-2020,0.002518982,0.002389049,0.002510893,0.002481123,261454253.1,308717731.8
126,Dogecoin,DOGE,05-05-2020,0.002520764,0.002449375,0.002481259,0.002484344,245861117.7,309152819.4
127,Dogecoin,DOGE,05-06-2020,0.002582898,0.002473008,0.002482979,0.002529206,251393346.2,314770174.9
128,Dogecoin,DOGE,05-07-2020,0.00267808,0.002479158,0.002518016,0.002663812,284491225.9,331559200.5
129,Dogecoin,DOGE,05-08-2020,0.00267154,0.002594064,0.0026594,0.002625072,291757355.2,326773515.2
130,Dogecoin,DOGE,05-09-2020,0.002633915,0.002565471,0.002621858,0.00261327,294993696.5,325340680.1
131,Dogecoin,DOGE,05-10-2020,0.002612747,0.002360439,0.002611463,0.002459432,290801097.3,306205310.2
132,Dogecoin,DOGE,05-11-2020,0.002512412,0.002338202,0.00245731,0.002412809,277646033,300433957.5
133,Dogecoin,DOGE,05-12-2020,0.002513461,0.002405938,0.002413291,0.002462935,262934537.8,306709496.9
134,Dogecoin,DOGE,05-13-2020,0.002527768,0.002458276,0.002463506,0.002521013,265878079.9,313976983.4
135,Dogecoin,DOGE,05-14-2020,0.002623401,0.002512131,0.002517923,0.002574186,283778649,320635004.4
136,Dogecoin,DOGE,05-15-2020,0.002577046,0.002486776,0.00257352,0.002505799,261080156.2,312151062.7
137,Dogecoin,DOGE,05-16-2020,0.002534442,0.002483572,0.00250656,0.002512559,254666484.6,313027822.9
138,Dogecoin,DOGE,05-17-2020,0.002578046,0.002509276,0.002512356,0.002538118,258469066.6,316247228.6
139,Dogecoin,DOGE,05-18-2020,0.002586885,0.002513276,0.002536538,0.002543403,265626959.4,316941137
140,Dogecoin,DOGE,05-19-2020,0.002565003,0.002501247,0.002543716,0.002538296,182890489.2,316339808.6
141,Dogecoin,DOGE,05-20-2020,0.002563486,0.002487438,0.002538958,0.002507886,178925411.3,312584382.3
142,Dogecoin,DOGE,05-21-2020,0.002549264,0.002423399,0.00251013,0.002485169,200924557.3,309787051.1
143,Dogecoin,DOGE,05-22-2020,0.00254341,0.002472959,0.002485975,0.002533057,215355484.9,315791490.5
144,Dogecoin,DOGE,05-23-2020,0.002564587,0.002499272,0.002532559,0.002543928,208878704.7,317181977.1
145,Dogecoin,DOGE,05-24-2020,0.002561022,0.002451139,0.002544249,0.002457832,186657328.4,306481507.7
146,Dogecoin,DOGE,05-25-2020,0.00254622,0.002434998,0.00245552,0.002540116,214669451.6,316777418.4
147,Dogecoin,DOGE,05-26-2020,0.002542079,0.002472127,0.002539272,0.002486398,185485979.3,310112644.1
148,Dogecoin,DOGE,05-27-2020,0.00252921,0.002472067,0.00248556,0.002510132,186186772.3,313107923.5
149,Dogecoin,DOGE,05-28-2020,0.002558881,0.002494915,0.002511623,0.002523576,220213442.3,314819322.5
150,Dogecoin,DOGE,05-29-2020,0.00254922,0.002504401,0.002523509,0.002532307,200485432.6,315943382.8
151,Dogecoin,DOGE,05-30-2020,0.002625661,0.002522622,0.002531371,0.002615175,200708874.3,326318848.5
152,Dogecoin,DOGE,05-31-2020,0.002617446,0.002549245,0.002615359,0.002554573,188184731.5,318792346.2
153,Dogecoin,DOGE,06-01-2020,0.002661572,0.002552688,0.002555153,0.002646716,195748335.4,330327929.2
154,Dogecoin,DOGE,06-02-2020,0.002654944,0.002520203,0.00264741,0.002561239,200119263.9,319695394.8
155,Dogecoin,DOGE,06-03-2020,0.00259805,0.002545881,0.002561514,0.002582592,190021630.5,322396401.8
156,Dogecoin,DOGE,06-04-2020,0.002669208,0.002571431,0.002582648,0.002630605,194078581.8,328426404.3
157,Dogecoin,DOGE,06-05-2020,0.002633763,0.002580303,0.002631602,0.002595721,188846627.3,324106967.2
158,Dogecoin,DOGE,06-06-2020,0.0026061,0.0025662,0.002595371,0.002587172,175988365,323074953
159,Dogecoin,DOGE,06-07-2020,0.002609496,0.002558349,0.002587178,0.002606078,188151454.5,325471959.4
160,Dogecoin,DOGE,06-08-2020,0.002606617,0.002560818,0.002605565,0.002584205,187140782.6,322775862.6
161,Dogecoin,DOGE,06-09-2020,0.00258738,0.002516784,0.002583625,0.002568591,175910196.6,320861092
162,Dogecoin,DOGE,06-10-2020,0.002594658,0.002552949,0.002568505,0.002584192,182748021.1,322845886.6
163,Dogecoin,DOGE,06-11-2020,0.002602412,0.002429243,0.002584234,0.002452253,183212797.6,306396405.8
164,Dogecoin,DOGE,06-12-2020,0.002532695,0.002446635,0.002454963,0.002520163,194920048.3,314916066
165,Dogecoin,DOGE,06-13-2020,0.002540955,0.002500582,0.002520444,0.002533076,188981850.4,316564552.4
166,Dogecoin,DOGE,06-14-2020,0.002554069,0.00250083,0.002532632,0.002510551,173334480.5,313784645.4
167,Dogecoin,DOGE,06-15-2020,0.0025159,0.002407101,0.002509589,0.002479359,198803040.7,309919897.9
168,Dogecoin,DOGE,06-16-2020,0.002530135,0.002434263,0.002479308,0.002486804,196212618.7,310886938.8
169,Dogecoin,DOGE,06-17-2020,0.002492467,0.002457762,0.002489954,0.002484932,185083517.4,310685801.2
170,Dogecoin,DOGE,06-18-2020,0.002492722,0.002447286,0.002484965,0.002471628,171388606,309056651
171,Dogecoin,DOGE,06-19-2020,0.002471673,0.002429626,0.002471191,0.002434795,173280983.7,304484756
172,Dogecoin,DOGE,06-20-2020,0.002466021,0.002419296,0.002434795,0.002446724,158275081.8,306010372.5
173,Dogecoin,DOGE,06-21-2020,0.002477529,0.002441006,0.00244658,0.002446611,169917760.8,306030111.4
174,Dogecoin,DOGE,06-22-2020,0.00249463,0.002442622,0.002446692,0.002473655,173530824.9,309447065
175,Dogecoin,DOGE,06-23-2020,0.002492105,0.002456906,0.002473654,0.00248423,171604773.7,310804275.2
176,Dogecoin,DOGE,06-24-2020,0.002496719,0.00238934,0.002483416,0.002429678,178380747.6,304012446.4
177,Dogecoin,DOGE,06-25-2020,0.00243306,0.00239028,0.002430249,0.002417315,160003354,302499093.4
178,Dogecoin,DOGE,06-26-2020,0.002427135,0.002358505,0.002416608,0.002358781,151319087.4,295206724.7
179,Dogecoin,DOGE,06-27-2020,0.002378798,0.002294396,0.002358864,0.002312919,152534000.3,289498985.6
180,Dogecoin,DOGE,06-28-2020,0.002361266,0.002282779,0.002312919,0.002325524,172693834.5,291109078.2
181,Dogecoin,DOGE,06-29-2020,0.002341435,0.00230138,0.002325754,0.002312854,172655787.9,289555488.2
182,Dogecoin,DOGE,06-30-2020,0.002340263,0.002296961,0.002310636,0.00231955,165641130.5,290426013.8
183,Dogecoin,DOGE,07-01-2020,0.002375501,0.002301337,0.002319677,0.002353646,152549213.6,294727829.4
184,Dogecoin,DOGE,07-02-2020,0.002381902,0.002301601,0.002330046,0.002361377,110789127.3,295744264.6
185,Dogecoin,DOGE,07-03-2020,0.002366453,0.00230419,0.002361122,0.002315613,111575143.4,290044511.8
186,Dogecoin,DOGE,07-04-2020,0.002339736,0.00228852,0.002314868,0.002309379,109218071.4,289295826.8
187,Dogecoin,DOGE,07-05-2020,0.002327342,0.002276921,0.002306855,0.002308978,110140541.5,289277435.5
188,Dogecoin,DOGE,07-06-2020,0.002623589,0.002301971,0.002308978,0.00261556,132105139.5,327723522.7
189,Dogecoin,DOGE,07-07-2020,0.003259032,0.002599807,0.002614165,0.003089512,283970310.4,387151635.3
190,Dogecoin,DOGE,07-08-2020,0.005420016,0.003060783,0.003097099,0.004749833,1226813925,595274589.1
191,Dogecoin,DOGE,07-09-2020,0.005014203,0.004147976,0.004731926,0.00439683,511315526.9,551095461.2
192,Dogecoin,DOGE,07-10-2020,0.004393899,0.003437817,0.004393899,0.003514874,225424869,440600401.4
193,Dogecoin,DOGE,07-11-2020,0.003919759,0.003475731,0.003528393,0.00381096,155299369.2,477768832.5
194,Dogecoin,DOGE,07-12-2020,0.003843557,0.00361376,0.003810612,0.003629614,87562043.04,455084341.8
195,Dogecoin,DOGE,07-13-2020,0.003636164,0.003058778,0.003629614,0.003177542,143177054.8,398447402.2
196,Dogecoin,DOGE,07-14-2020,0.003369251,0.003060643,0.003169305,0.003294369,103213409.2,413143009.4
197,Dogecoin,DOGE,07-15-2020,0.003303491,0.003073933,0.003286853,0.003085182,69399827.49,386951871
198,Dogecoin,DOGE,07-16-2020,0.003097889,0.002892723,0.003085843,0.00299487,78457844.33,375666317.5
199,Dogecoin,DOGE,07-17-2020,0.003084181,0.002937053,0.002991475,0.003060711,74705370.73,383967367.1
200,Dogecoin,DOGE,07-18-2020,0.003628997,0.003030553,0.003060122,0.003472588,204080850.7,435685575.6
201,Dogecoin,DOGE,07-19-2020,0.003752735,0.00332885,0.0034637,0.00338186,116746163.2,424349866.9
202,Dogecoin,DOGE,07-20-2020,0.003433005,0.003166999,0.003382553,0.003239293,81038624.13,406505538.6
203,Dogecoin,DOGE,07-21-2020,0.003308746,0.003186912,0.003231541,0.003304616,77748188.74,414749065.8
204,Dogecoin,DOGE,07-22-2020,0.003304117,0.00322128,0.00330152,0.003285216,54443238.35,412342063.8
205,Dogecoin,DOGE,07-23-2020,0.003321173,0.003265052,0.003283085,0.003294708,58737114.89,413578575
206,Dogecoin,DOGE,07-24-2020,0.003322763,0.003177394,0.003294785,0.00321959,58910215.2,404193463.2
207,Dogecoin,DOGE,07-25-2020,0.003294937,0.003189278,0.003219421,0.003234015,63203395.87,406049051.7
208,Dogecoin,DOGE,07-26-2020,0.003269667,0.003184226,0.003238232,0.003234597,62592232.64,406166431.4
209,Dogecoin,DOGE,07-27-2020,0.003243147,0.003040215,0.003234254,0.003153323,83138807.51,396003960.5
210,Dogecoin,DOGE,07-28-2020,0.003218713,0.003132482,0.003154565,0.003197395,63084929.6,401583092.2
211,Dogecoin,DOGE,07-29-2020,0.003261893,0.003175311,0.003197941,0.003192399,55817190.95,400999633.6
212,Dogecoin,DOGE,07-30-2020,0.003244487,0.003163493,0.003192409,0.003231117,53506822.17,405907619.8
213,Dogecoin,DOGE,07-31-2020,0.003240434,0.003180957,0.003229316,0.003225361,54497306.35,405228597.9
214,Dogecoin,DOGE,08-01-2020,0.003796614,0.003203466,0.003225361,0.003688638,150687884.1,463485084.4
215,Dogecoin,DOGE,08-02-2020,0.003736038,0.003266186,0.003695958,0.003336063,101249530.5,419228838.8
216,Dogecoin,DOGE,08-03-2020,0.003441048,0.003308439,0.003336113,0.003388859,66931509.89,425910182.3
217,Dogecoin,DOGE,08-04-2020,0.003560762,0.003376262,0.003388506,0.003534677,74386428.16,444285519
218,Dogecoin,DOGE,08-05-2020,0.003576864,0.003484729,0.003543337,0.003512739,66465689.99,441575952.1
219,Dogecoin,DOGE,08-06-2020,0.003636403,0.003461382,0.003517355,0.003559998,62944678.2,447599583.1
220,Dogecoin,DOGE,08-07-2020,0.003611374,0.00342486,0.003563314,0.003532791,68990008.75,444227232.6
221,Dogecoin,DOGE,08-08-2020,0.003535941,0.003453244,0.003533725,0.003509704,62509900.24,441372650.3
222,Dogecoin,DOGE,08-09-2020,0.00353274,0.003429759,0.003508148,0.00346312,57020040.45,435562679.5
223,Dogecoin,DOGE,08-10-2020,0.003557305,0.003454337,0.003468256,0.003499479,68038180.94,440184390.1
224,Dogecoin,DOGE,08-11-2020,0.003570942,0.003346121,0.003494873,0.003394373,78539442.28,427010939.5
225,Dogecoin,DOGE,08-12-2020,0.003533807,0.003341325,0.003396899,0.00348444,70865884.57,438341326
226,Dogecoin,DOGE,08-13-2020,0.003549294,0.003365033,0.003483332,0.003516517,73302994.46,442425313.4
227,Dogecoin,DOGE,08-14-2020,0.003578774,0.003475898,0.003513676,0.003560813,61334639.69,448048011
228,Dogecoin,DOGE,08-15-2020,0.003606904,0.003499705,0.003562623,0.003539428,64309678.33,445406226.5
229,Dogecoin,DOGE,08-16-2020,0.003551535,0.003468733,0.003540441,0.003523562,52637926.15,443458494.6
230,Dogecoin,DOGE,08-17-2020,0.00371834,0.003500423,0.003523562,0.00359109,77628715.33,452006667
231,Dogecoin,DOGE,08-18-2020,0.003708903,0.003483009,0.003592522,0.003514,62570290.8,442352423
232,Dogecoin,DOGE,08-19-2020,0.003538217,0.00336835,0.003508151,0.003423925,53306856.64,431060773
233,Dogecoin,DOGE,08-20-2020,0.003499473,0.003390308,0.003424058,0.003459208,43536655.88,435550927.9
234,Dogecoin,DOGE,08-21-2020,0.003553609,0.003389026,0.003457499,0.003393093,60621267.78,427273265.8
235,Dogecoin,DOGE,08-22-2020,0.00344658,0.003354266,0.003392407,0.003441999,44884851.55,433479975.9
236,Dogecoin,DOGE,08-23-2020,0.003452644,0.003387907,0.003437853,0.003414201,39485547.8,430026194
237,Dogecoin,DOGE,08-24-2020,0.003465356,0.003385736,0.003410079,0.003417941,46470522.3,430544250.9
238,Dogecoin,DOGE,08-25-2020,0.003434006,0.003239183,0.003417538,0.0033046,76826313.73,416312715.3
239,Dogecoin,DOGE,08-26-2020,0.003344689,0.003250936,0.003301031,0.003303347,80416710.51,416200661.1
240,Dogecoin,DOGE,08-27-2020,0.003314262,0.003165473,0.003299893,0.003202705,89847092.57,403564900.4
241,Dogecoin,DOGE,08-28-2020,0.003271128,0.003182018,0.003202756,0.003268459,64056956.71,411895611.1
242,Dogecoin,DOGE,08-29-2020,0.003300551,0.003241547,0.003267281,0.003282098,78149363.32,413659277.5
243,Dogecoin,DOGE,08-30-2020,0.00334383,0.003274076,0.003283634,0.003300054,79325828.84,415967943
244,Dogecoin,DOGE,08-31-2020,0.003307994,0.003203876,0.003301442,0.003220588,85369756.87,405995488.8
245,Dogecoin,DOGE,09-01-2020,0.003281199,0.003194043,0.003219681,0.003255985,81863763.65,410502858.9
246,Dogecoin,DOGE,09-02-2020,0.003266381,0.003065058,0.003257917,0.003122464,56647412.36,393723629.5
247,Dogecoin,DOGE,09-03-2020,0.003133536,0.002790257,0.003122464,0.002802429,59904548.46,353407911.7
248,Dogecoin,DOGE,09-04-2020,0.002957568,0.002752932,0.002799039,0.002898618,53434717.43,365578053.2
249,Dogecoin,DOGE,09-05-2020,0.002934344,0.002719785,0.002899531,0.002758261,62295889.26,347914351.4
250,Dogecoin,DOGE,09-06-2020,0.002813547,0.002703699,0.002758261,0.002786926,89557153.67,351568868.2
251,Dogecoin,DOGE,09-07-2020,0.002831905,0.002708333,0.002787231,0.002811462,102610335.2,354702877
252,Dogecoin,DOGE,09-08-2020,0.002833978,0.00270019,0.002820249,0.002755596,57144395.98,347692950
253,Dogecoin,DOGE,09-09-2020,0.002806838,0.002704247,0.002758269,0.002779059,77050464.31,350691174
254,Dogecoin,DOGE,09-10-2020,0.002859024,0.002752353,0.002792125,0.002805225,104276032.4,354031943.4
255,Dogecoin,DOGE,09-11-2020,0.002825051,0.002741617,0.002805225,0.002806183,134077501.3,354191865.9
256,Dogecoin,DOGE,09-12-2020,0.002830711,0.002781185,0.002802326,0.002818839,117125272,355828180.1
257,Dogecoin,DOGE,09-13-2020,0.002823667,0.002745543,0.002818839,0.002776135,124253231.7,350476176
258,Dogecoin,DOGE,09-14-2020,0.00284287,0.002741902,0.002775655,0.002802618,128520945.8,353858513.2
259,Dogecoin,DOGE,09-15-2020,0.002877883,0.002784896,0.002799009,0.002831752,100194173.9,357575916.4
260,Dogecoin,DOGE,09-16-2020,0.002858763,0.00279084,0.002830587,0.002825804,148555504.9,356864047.5
261,Dogecoin,DOGE,09-17-2020,0.002858616,0.002780722,0.002824293,0.002813512,161305348.7,355350720.2
262,Dogecoin,DOGE,09-18-2020,0.002824935,0.002748915,0.002813512,0.002804181,147868185.4,354211096
263,Dogecoin,DOGE,09-19-2020,0.002813603,0.002772554,0.002796282,0.002793719,147046519.9,352928506.9
264,Dogecoin,DOGE,09-20-2020,0.002806118,0.00272172,0.002794127,0.002777971,145951916.9,350976931
265,Dogecoin,DOGE,09-21-2020,0.002802292,0.002616047,0.002777661,0.002630322,78753428.07,332359050
266,Dogecoin,DOGE,09-22-2020,0.002671721,0.002603658,0.00262516,0.002656021,36467574.05,335642709.1
267,Dogecoin,DOGE,09-23-2020,0.00265092,0.00254017,0.00264799,0.00256045,79707709.29,323599428.4
268,Dogecoin,DOGE,09-24-2020,0.00264999,0.00253555,0.00255728,0.00262828,111915974.5,332209044.8
269,Dogecoin,DOGE,09-25-2020,0.00272148,0.00261648,0.00262813,0.00269849,124575712.5,341120228
270,Dogecoin,DOGE,09-26-2020,0.00275261,0.00267844,0.00269872,0.00271612,108180295.8,343387129.3
271,Dogecoin,DOGE,09-27-2020,0.00273393,0.00266419,0.00269684,0.00269206,76293171.61,340381383
272,Dogecoin,DOGE,09-28-2020,0.0027398,0.00263962,0.00270924,0.00265201,102662349.7,335353893.5
273,Dogecoin,DOGE,09-29-2020,0.00270954,0.00263576,0.00266206,0.00268541,109463113,339614378.8
274,Dogecoin,DOGE,09-30-2020,0.00268511,0.00261719,0.00268287,0.00263015,106684831.9,332662363.6
275,Dogecoin,DOGE,10-01-2020,0.00268151,0.00258433,0.00263053,0.00261584,116194992.3,330888014.3
276,Dogecoin,DOGE,10-02-2020,0.002628,0.0025394,0.00261442,0.0025834,128239854.9,326820338.5
277,Dogecoin,DOGE,10-03-2020,0.0026396,0.00257411,0.00258305,0.00259883,116046378.5,328808013.2
278,Dogecoin,DOGE,10-04-2020,0.00268179,0.00258973,0.00260592,0.00263489,92364518.2,333407496.4
279,Dogecoin,DOGE,10-05-2020,0.0026616,0.00259921,0.00263245,0.00261238,127881032.4,330595648.9
280,Dogecoin,DOGE,10-06-2020,0.00262786,0.00257354,0.00261242,0.00261147,105669881,330516077.5
281,Dogecoin,DOGE,10-07-2020,0.0026122,0.00256496,0.00259251,0.00259518,125523508.5,328490146.4
282,Dogecoin,DOGE,10-08-2020,0.00263081,0.00256011,0.00258433,0.00259556,109356096.2,328573194.9
283,Dogecoin,DOGE,10-09-2020,0.00266676,0.00259469,0.00261625,0.00265253,100051523.4,335821979.7
284,Dogecoin,DOGE,10-10-2020,0.00271559,0.00265414,0.00265449,0.00265453,96632426.18,336111690
285,Dogecoin,DOGE,10-11-2020,0.00270611,0.00264896,0.0026671,0.00267363,107632465.4,338568241
286,Dogecoin,DOGE,10-12-2020,0.00270764,0.00262869,0.00267412,0.00267315,101246789.2,338543786.9
287,Dogecoin,DOGE,10-13-2020,0.00267653,0.00262669,0.00266664,0.0026351,76963142.14,333761625.1
288,Dogecoin,DOGE,10-14-2020,0.00265317,0.00261777,0.00263355,0.00263711,87293434.14,334052394.4
289,Dogecoin,DOGE,10-15-2020,0.00265053,0.00256916,0.00264995,0.00259265,83794206.76,328454704.7
290,Dogecoin,DOGE,10-16-2020,0.00261563,0.00255745,0.00259479,0.00261207,117882236.5,330951793
291,Dogecoin,DOGE,10-17-2020,0.00261218,0.0025726,0.00260323,0.00258111,125692390.5,327064295.5
292,Dogecoin,DOGE,10-18-2020,0.00260105,0.00257653,0.00258097,0.00258649,72298803,327781394.9
293,Dogecoin,DOGE,10-19-2020,0.00261854,0.00257212,0.00259484,0.00258976,91049561.78,328231585.6
294,Dogecoin,DOGE,10-20-2020,0.00262338,0.00258055,0.00259049,0.00260093,65577101.39,329683335.3
295,Dogecoin,DOGE,10-21-2020,0.00265741,0.00259368,0.00260031,0.00263032,45017114.75,333445208.5
296,Dogecoin,DOGE,10-22-2020,0.00268856,0.0026244,0.00262654,0.00265502,44976452.6,336576291.8
297,Dogecoin,DOGE,10-23-2020,0.00269116,0.00263654,0.00264869,0.0026469,46856081.82,335619977.6
298,Dogecoin,DOGE,10-24-2020,0.00265316,0.00262372,0.0026468,0.0026455,44797614.08,335479644.1
299,Dogecoin,DOGE,10-25-2020,0.00267635,0.00262441,0.00264547,0.00265314,58532388.32,336485099.9
300,Dogecoin,DOGE,10-26-2020,0.00289283,0.00263565,0.0026531,0.00267853,122152251.2,339741433.5
301,Dogecoin,DOGE,10-27-2020,0.00270831,0.00262958,0.0026787,0.00267665,78927089.13,339540411.6
302,Dogecoin,DOGE,10-28-2020,0.0026974,0.00257461,0.0026766,0.00259499,72848720.03,329216494.9
303,Dogecoin,DOGE,10-29-2020,0.00262285,0.00251772,0.00259499,0.00258066,58929514.61,327434298.4
304,Dogecoin,DOGE,10-30-2020,0.00260696,0.00253304,0.00258067,0.00259836,63444096.56,329715648.8
305,Dogecoin,DOGE,10-31-2020,0.00260324,0.00255588,0.00259836,0.00257594,56189318.45,326906027.3
306,Dogecoin,DOGE,11-01-2020,0.00259035,0.00256138,0.00257594,0.00258175,45528681.72,327678834.6
307,Dogecoin,DOGE,11-02-2020,0.00259212,0.0025152,0.00258171,0.00251712,50142375.9,319510587.6
308,Dogecoin,DOGE,11-03-2020,0.00253033,0.00245235,0.00251712,0.00252762,62871653.3,320878482.1
309,Dogecoin,DOGE,11-04-2020,0.00255823,0.00249686,0.00252767,0.00253328,52552651.19,321632248.5
310,Dogecoin,DOGE,11-05-2020,0.00263884,0.00249556,0.00253331,0.00261685,31611962.84,332278228.1
311,Dogecoin,DOGE,11-06-2020,0.0028012,0.00260828,0.00261651,0.00275989,54267546.02,350479043.8
312,Dogecoin,DOGE,11-07-2020,0.00281915,0.0026119,0.00275989,0.00267068,44610218.61,339187039.9
313,Dogecoin,DOGE,11-08-2020,0.00274173,0.0026577,0.00267068,0.00271064,22754531.46,344300015.1
314,Dogecoin,DOGE,11-09-2020,0.00278636,0.00266267,0.00271063,0.00266953,28124348.35,339114621.1
315,Dogecoin,DOGE,11-10-2020,0.00285141,0.00265495,0.00266996,0.00275341,39633173.34,349808435.5
316,Dogecoin,DOGE,11-11-2020,0.00283705,0.00275337,0.00275339,0.00276896,33138759.45,351821930.9
317,Dogecoin,DOGE,11-12-2020,0.00279124,0.00274703,0.00276886,0.00277901,24028261.1,353134918.8
318,Dogecoin,DOGE,11-13-2020,0.00283587,0.00277714,0.00277891,0.00282145,29217750.25,358567478.5
319,Dogecoin,DOGE,11-14-2020,0.00282145,0.00272132,0.00282145,0.002773,30334380.15,352447343.5
320,Dogecoin,DOGE,11-15-2020,0.00281344,0.00273905,0.002773,0.00277541,25131683.16,352792281.3
321,Dogecoin,DOGE,11-16-2020,0.00300916,0.00275741,0.00277541,0.00288579,52063283.15,366863172.2
322,Dogecoin,DOGE,11-17-2020,0.00297583,0.00288573,0.00290789,0.00293588,46631463.57,373272246.7
323,Dogecoin,DOGE,11-18-2020,0.00299917,0.00285476,0.00293565,0.00290902,49460064.46,369897280.3
324,Dogecoin,DOGE,11-19-2020,0.00295967,0.00286789,0.0029091,0.00291104,40330643.4,370193341.9
325,Dogecoin,DOGE,11-20-2020,0.00301078,0.00290823,0.0029111,0.00298434,57656464.68,379556538.3
326,Dogecoin,DOGE,11-21-2020,0.00354893,0.00298434,0.00298434,0.00350659,162641693.8,446026143
327,Dogecoin,DOGE,11-22-2020,0.00366037,0.00318139,0.00350659,0.0033293,121660410.4,423521332.2
328,Dogecoin,DOGE,11-23-2020,0.00364797,0.00323165,0.00332931,0.00364797,101561039,464109149.1
329,Dogecoin,DOGE,11-24-2020,0.00420434,0.00357915,0.00364463,0.00420366,266716035.6,534864218.3
330,Dogecoin,DOGE,11-25-2020,0.0042563,0.00364154,0.00419989,0.00372672,174459927.4,474231349.2
331,Dogecoin,DOGE,11-26-2020,0.00379348,0.00297994,0.00372699,0.00324982,175520294.1,413589433.1
332,Dogecoin,DOGE,11-27-2020,0.00335546,0.00309254,0.00325027,0.00327521,92323023.06,416865856
333,Dogecoin,DOGE,11-28-2020,0.00346961,0.00324746,0.00327508,0.00340487,58033649.77,433416826.1
334,Dogecoin,DOGE,11-29-2020,0.0035301,0.00335794,0.00340482,0.00344778,46319971.5,438924852
335,Dogecoin,DOGE,11-30-2020,0.00358039,0.00341425,0.00344751,0.00355089,68622735.9,452099967
336,Dogecoin,DOGE,12-01-2020,0.00357202,0.00326929,0.00355136,0.0033347,80163603.19,424620891.5
337,Dogecoin,DOGE,12-02-2020,0.00343639,0.00329289,0.00333487,0.00337436,58705660.95,429717481.7
338,Dogecoin,DOGE,12-03-2020,0.00349978,0.00335193,0.00337518,0.00342761,47907031.9,436544288.3
339,Dogecoin,DOGE,12-04-2020,0.0034465,0.00328513,0.00342858,0.00329811,45062221.83,420098205.8
340,Dogecoin,DOGE,12-05-2020,0.00341428,0.00326813,0.00329714,0.00339687,43386582.51,432723096.4
341,Dogecoin,DOGE,12-06-2020,0.00344218,0.00334326,0.00339677,0.0033884,40936574.16,431691745.9
342,Dogecoin,DOGE,12-07-2020,0.00340024,0.00332001,0.0033882,0.00334233,36923813.66,425868467.2
343,Dogecoin,DOGE,12-08-2020,0.00336063,0.00313779,0.00334307,0.00317934,52702701.21,405143760.3
344,Dogecoin,DOGE,12-09-2020,0.0031817,0.00301599,0.00317889,0.00315811,45746721.98,402483349.5
345,Dogecoin,DOGE,12-10-2020,0.0031647,0.00306605,0.0031582,0.0031046,33740987.8,395706347.9
346,Dogecoin,DOGE,12-11-2020,0.00310967,0.00300878,0.00310475,0.0030788,41712942.31,392459836.2
347,Dogecoin,DOGE,12-12-2020,0.00318397,0.00307487,0.00307902,0.00316309,35466154.65,403248567
348,Dogecoin,DOGE,12-13-2020,0.00327413,0.00315334,0.00316358,0.00325587,37464322.69,415120509.7
349,Dogecoin,DOGE,12-14-2020,0.00327897,0.0031991,0.00325582,0.00323079,36238516.37,411966097.8
350,Dogecoin,DOGE,12-15-2020,0.00325017,0.00317804,0.00323041,0.00320577,37127782.1,408820667.7
351,Dogecoin,DOGE,12-16-2020,0.00342188,0.00318609,0.00320549,0.00341629,50989880.33,435715185
352,Dogecoin,DOGE,12-17-2020,0.00411293,0.00340598,0.00341616,0.0037298,172736659.4,475751448.9
353,Dogecoin,DOGE,12-18-2020,0.00396978,0.00361838,0.00373033,0.00385822,101799430.2,492185489.2
354,Dogecoin,DOGE,12-19-2020,0.00401843,0.00381024,0.0038585,0.00392675,98447179.31,500981993.2
355,Dogecoin,DOGE,12-20-2020,0.00467753,0.00382694,0.00392606,0.00462466,508066004.2,590086989.1
356,Dogecoin,DOGE,12-21-2020,0.00540576,0.00436308,0.00462681,0.00478746,664160056.8,610925196.9
357,Dogecoin,DOGE,12-22-2020,0.00484255,0.00436991,0.00478448,0.00450782,239288785.3,575304224.7
358,Dogecoin,DOGE,12-23-2020,0.00473517,0.00363983,0.00450782,0.00376766,205080908.3,480893678
359,Dogecoin,DOGE,12-24-2020,0.00457729,0.00369705,0.00376782,0.00457046,143405579.6,583425690.2
360,Dogecoin,DOGE,12-25-2020,0.00461316,0.00439461,0.00456994,0.00458201,136819917,584963463.9
361,Dogecoin,DOGE,12-26-2020,0.0046398,0.00442294,0.00458096,0.00449367,151728507.4,573747738.4
362,Dogecoin,DOGE,12-27-2020,0.00480475,0.00442851,0.00449345,0.00454771,154526398.7,580710699.3
363,Dogecoin,DOGE,12-28-2020,0.00471627,0.00452339,0.00454773,0.00459177,99641525.45,586399767.2
364,Dogecoin,DOGE,12-29-2020,0.00460785,0.00427753,0.00459213,0.00448647,90876496.56,573014174.3
365,Dogecoin,DOGE,12-30-2020,0.004703,0.0044527,0.00448661,0.00463551,94834499.4,592113774.6
366,Dogecoin,DOGE,12-31-2020,0.00474347,0.00455281,0.00463551,0.00468225,85498337.19,598149001.4
367,Dogecoin,DOGE,01-01-2021,0.00568496,0.00461528,0.00468094,0.00568496,228961514.9,726323310.7
368,Dogecoin,DOGE,01-02-2021,0.01369815,0.00558386,0.00568641,0.01061451,3421562680,1356280740
369,Dogecoin,DOGE,01-03-2021,0.01386655,0.00940941,0.01060243,0.00977052,2707003608,1248577459
370,Dogecoin,DOGE,01-04-2021,0.01142102,0.00787753,0.0097845,0.00976719,1372398979,1248286672
371,Dogecoin,DOGE,01-05-2021,0.01021856,0.00897184,0.00976688,0.0099204,687256066.7,1268003964
372,Dogecoin,DOGE,01-06-2021,0.01085421,0.00968492,0.00992297,0.01046514,749915516.2,1337772240
373,Dogecoin,DOGE,01-07-2021,0.01053197,0.00916241,0.01045376,0.00974244,520644705.6,1245523630
374,Dogecoin,DOGE,01-08-2021,0.01028548,0.00898616,0.0097434,0.00984637,394462163.6,1258947804
375,Dogecoin,DOGE,01-09-2021,0.01074016,0.00974038,0.00983273,0.01019416,485842353.1,1303561985
376,Dogecoin,DOGE,01-10-2021,0.01086724,0.00917681,0.01019315,0.00985959,458583518.7,1260915514
377,Dogecoin,DOGE,01-11-2021,0.00985798,0.00677014,0.00985798,0.00883453,637956958.1,1129945722
378,Dogecoin,DOGE,01-12-2021,0.00914451,0.00790427,0.0088302,0.00806287,333308456.9,1031361130
379,Dogecoin,DOGE,01-13-2021,0.00864613,0.00778733,0.00806217,0.00861635,240079032.9,1102277644
380,Dogecoin,DOGE,01-14-2021,0.01002992,0.00834908,0.00861863,0.00939673,428369038.7,1202240980
381,Dogecoin,DOGE,01-15-2021,0.00979644,0.00845975,0.00938877,0.00936903,398965924.7,1198824805
382,Dogecoin,DOGE,01-16-2021,0.00953136,0.00914007,0.00936665,0.00926465,258630479.6,1185597169
383,Dogecoin,DOGE,01-17-2021,0.00936668,0.0088414,0.009263,0.00906651,254487988.6,1160366066
384,Dogecoin,DOGE,01-18-2021,0.00929542,0.00898064,0.00906962,0.0091711,205025648,1173880970
385,Dogecoin,DOGE,01-19-2021,0.00961333,0.00901992,0.00917244,0.0090982,249242631.7,1164676216
386,Dogecoin,DOGE,01-20-2021,0.00915288,0.00852898,0.00909604,0.00906009,220205442.4,1159923229
387,Dogecoin,DOGE,01-21-2021,0.00908936,0.00806144,0.009062,0.00816632,215419838.8,1045611058
388,Dogecoin,DOGE,01-22-2021,0.00876921,0.00765432,0.00816462,0.0085235,185490003.4,1091461748
389,Dogecoin,DOGE,01-23-2021,0.00880799,0.00838848,0.00851965,0.00857912,154393736.9,1098702727
390,Dogecoin,DOGE,01-24-2021,0.00895097,0.00851582,0.00857834,0.00872708,162191977.2,1117773115
391,Dogecoin,DOGE,01-25-2021,0.00887891,0.00827601,0.00872686,0.00838293,180820875.4,1073809066
392,Dogecoin,DOGE,01-26-2021,0.0084555,0.00802161,0.008382,0.00825458,161173748.8,1057483330
393,Dogecoin,DOGE,01-27-2021,0.00825941,0.00729356,0.00825538,0.0074815,204797186,958548725.6
394,Dogecoin,DOGE,01-28-2021,0.03417659,0.00735142,0.00748061,0.03408356,10971544561,4367344237
395,Dogecoin,DOGE,01-29-2021,0.07797325,0.03234054,0.04373372,0.04716157,25403310432,6043762706
396,Dogecoin,DOGE,01-30-2021,0.04990136,0.02248832,0.04680256,0.02817592,8735576553,3611147492
397,Dogecoin,DOGE,01-31-2021,0.04528851,0.02710178,0.02819051,0.03719621,8548997882,4767745805
398,Dogecoin,DOGE,02-01-2021,0.04325,0.03336688,0.03705359,0.03487468,6319224026,4470660189
399,Dogecoin,DOGE,02-02-2021,0.0349257,0.02919459,0.03491033,0.03152025,3090896595,4041088459
400,Dogecoin,DOGE,02-03-2021,0.03910517,0.03114623,0.03149316,0.03712003,3146856788,4759532731
401,Dogecoin,DOGE,02-04-2021,0.05786878,0.03594477,0.03722574,0.05328933,13040837601,6833498776
402,Dogecoin,DOGE,02-05-2021,0.05373973,0.04353977,0.05304323,0.04693473,6136160058,6019284098
403,Dogecoin,DOGE,02-06-2021,0.05830786,0.04490357,0.04693104,0.05759472,5946101275,7387203762
404,Dogecoin,DOGE,02-07-2021,0.08435716,0.0542393,0.05750161,0.07878179,14261024073,10105792829
405,Dogecoin,DOGE,02-08-2021,0.08494506,0.06470163,0.07835245,0.07882511,12844375210,10112456103
406,Dogecoin,DOGE,02-09-2021,0.0831277,0.0656209,0.0787726,0.07006957,7348840814,8990202084
407,Dogecoin,DOGE,02-10-2021,0.08109109,0.06852545,0.07011055,0.07289631,6785088422,9353895799
408,Dogecoin,DOGE,02-11-2021,0.0743014,0.06829016,0.07284431,0.06967585,3818556739,8941609529
409,Dogecoin,DOGE,02-12-2021,0.07261018,0.06144501,0.06965016,0.07006853,4190843784,8992978136
410,Dogecoin,DOGE,02-13-2021,0.07164625,0.06613511,0.0700246,0.06644953,2618049766,8529400211
411,Dogecoin,DOGE,02-14-2021,0.06644842,0.05672307,0.06644842,0.06253697,3984667628,8028048754
412,Dogecoin,DOGE,02-15-2021,0.06392375,0.04854737,0.06256832,0.05659087,4944804938,7265519863
413,Dogecoin,DOGE,02-16-2021,0.05966752,0.05098287,0.0564875,0.05352025,3409478696,6872026263
414,Dogecoin,DOGE,02-17-2021,0.05498263,0.04803387,0.05352225,0.04937563,2976148723,6340534302
415,Dogecoin,DOGE,02-18-2021,0.06179931,0.04898933,0.04936332,0.05954129,4551943638,7646763727
416,Dogecoin,DOGE,02-19-2021,0.05949659,0.05431458,0.05943402,0.05513934,2949251418,7082160843
417,Dogecoin,DOGE,02-20-2021,0.06028569,0.05162842,0.05513205,0.05438446,3175468554,6985943091
418,Dogecoin,DOGE,02-21-2021,0.05842831,0.05355587,0.05436871,0.05597983,2450293068,7191635972
419,Dogecoin,DOGE,02-22-2021,0.06046605,0.04709622,0.05604415,0.05372515,3366757324,6902725620
420,Dogecoin,DOGE,02-23-2021,0.05376828,0.04241035,0.05369844,0.04739205,2394345361,6089686351
421,Dogecoin,DOGE,02-24-2021,0.05987291,0.0462159,0.04741442,0.05655541,4148511571,7267918251
422,Dogecoin,DOGE,02-25-2021,0.05780827,0.04986917,0.0566146,0.05016734,2356982022,6447664671
423,Dogecoin,DOGE,02-26-2021,0.0524721,0.04870779,0.0501381,0.05047986,1694323466,6488523369
424,Dogecoin,DOGE,02-27-2021,0.05191956,0.04929685,0.05049989,0.0500829,1286229526,6438192652
425,Dogecoin,DOGE,02-28-2021,0.05013393,0.04508753,0.05009723,0.04805151,1408101260,6177710994
426,Dogecoin,DOGE,03-01-2021,0.05147869,0.04802913,0.04807008,0.05059866,1494427207,6505875328
427,Dogecoin,DOGE,03-02-2021,0.05238174,0.04929915,0.05059612,0.05026221,1346282318,6463312203
428,Dogecoin,DOGE,03-03-2021,0.05212622,0.05007821,0.050278,0.05059207,1093877445,6506425615
429,Dogecoin,DOGE,03-04-2021,0.05108673,0.04787887,0.05058718,0.05004843,1170617084,6437196942
430,Dogecoin,DOGE,03-05-2021,0.05085379,0.04814676,0.05002789,0.04960851,1173113591,6381297708
431,Dogecoin,DOGE,03-06-2021,0.05239653,0.04938261,0.04960074,0.05098429,1480482384,6558965902
432,Dogecoin,DOGE,03-07-2021,0.0521409,0.05057226,0.05098004,0.05212174,945455831.8,6706005852
433,Dogecoin,DOGE,03-08-2021,0.06194928,0.05167218,0.05212252,0.06194928,3554150800,7971280044
434,Dogecoin,DOGE,03-09-2021,0.06226777,0.05605134,0.06210413,0.05799823,2466159943,7463686738
435,Dogecoin,DOGE,03-10-2021,0.05861615,0.05469198,0.05796433,0.05600395,1534489620,7207816086
436,Dogecoin,DOGE,03-11-2021,0.05669807,0.05450212,0.05597715,0.05591786,1233383425,7197497882
437,Dogecoin,DOGE,03-12-2021,0.05697972,0.05451291,0.05592092,0.05534893,1287767221,7125032152
438,Dogecoin,DOGE,03-13-2021,0.06243198,0.05475621,0.05535252,0.06243198,1869833076,8037692870
439,Dogecoin,DOGE,03-14-2021,0.06305245,0.0585919,0.06238358,0.0585919,2752132530,7544115603
440,Dogecoin,DOGE,03-15-2021,0.05968907,0.05514074,0.05853079,0.05708768,1738710876,7351218571
441,Dogecoin,DOGE,03-16-2021,0.05892073,0.0554932,0.05708577,0.0586074,1393771913,7547720122
442,Dogecoin,DOGE,03-17-2021,0.0588661,0.05647126,0.05860954,0.05765313,861926642.6,7425583380
443,Dogecoin,DOGE,03-18-2021,0.05882842,0.05414289,0.0576399,0.05738277,909777444.6,7391550949
444,Dogecoin,DOGE,03-19-2021,0.05972137,0.05660434,0.05737717,0.05832836,964747809.1,7514154611
445,Dogecoin,DOGE,03-20-2021,0.06063936,0.05812032,0.0583147,0.05896063,1012934488,7596414495
446,Dogecoin,DOGE,03-21-2021,0.05952117,0.05679761,0.05897036,0.05723426,759592996,7374772308
447,Dogecoin,DOGE,03-22-2021,0.05773162,0.05490874,0.05725868,0.0549616,696918564.7,7082689335
448,Dogecoin,DOGE,03-23-2021,0.05608123,0.05293964,0.05494137,0.05355558,1040781777,6902245900
449,Dogecoin,DOGE,03-24-2021,0.05649402,0.05124163,0.05352781,0.05170175,934537959.4,6664029763
450,Dogecoin,DOGE,03-25-2021,0.05240657,0.04969711,0.05169855,0.05144848,1084214116,6632093766
451,Dogecoin,DOGE,03-26-2021,0.05402847,0.05133141,0.05143346,0.05395158,776280028.3,6955497857
452,Dogecoin,DOGE,03-27-2021,0.05543456,0.05352778,0.05394031,0.05437709,753844053.1,7011100665
453,Dogecoin,DOGE,03-28-2021,0.054752,0.05301326,0.05438084,0.05369841,460472974.9,6924335588
454,Dogecoin,DOGE,03-29-2021,0.05465075,0.05317507,0.05367808,0.05405164,537919139.8,6970630600
455,Dogecoin,DOGE,03-30-2021,0.05543422,0.05369696,0.05405172,0.05390039,728906171.1,6951867440
456,Dogecoin,DOGE,03-31-2021,0.05446842,0.05226941,0.05390236,0.05365728,653389282.4,6921249082
457,Dogecoin,DOGE,04-01-2021,0.07011052,0.05364425,0.05365465,0.06198606,5816046822,7996434168
458,Dogecoin,DOGE,04-02-2021,0.06224853,0.0573333,0.06196777,0.05766378,2166925111,7439646120
459,Dogecoin,DOGE,04-03-2021,0.05948359,0.0558036,0.05765847,0.0558036,1136931403,7200412904
460,Dogecoin,DOGE,04-04-2021,0.05810663,0.05529456,0.05577593,0.0574037,938035097.3,7407664648
461,Dogecoin,DOGE,04-05-2021,0.06015349,0.05643507,0.05741092,0.05969593,1513832721,7704287493
462,Dogecoin,DOGE,04-06-2021,0.06504996,0.05809422,0.05968941,0.06445823,2608613912,8319797961
463,Dogecoin,DOGE,04-07-2021,0.06729936,0.05764144,0.06445441,0.05902847,2857060849,7619768371
464,Dogecoin,DOGE,04-08-2021,0.06174546,0.05881733,0.05903561,0.06146385,1055257541,7934992305
465,Dogecoin,DOGE,04-09-2021,0.06390983,0.06029608,0.06146255,0.06168375,1060465774,7964226155
466,Dogecoin,DOGE,04-10-2021,0.06506835,0.06081843,0.06159123,0.06384492,1369793118,8244132101
467,Dogecoin,DOGE,04-11-2021,0.07924303,0.06320268,0.06374934,0.07464893,6646627317,9640258366
468,Dogecoin,DOGE,04-12-2021,0.07498611,0.0688887,0.07454443,0.07076687,2687720380,9139899746
469,Dogecoin,DOGE,04-13-2021,0.09518119,0.07067774,0.07067774,0.09344469,7176815090,12070137895
470,Dogecoin,DOGE,04-14-2021,0.14250981,0.09245176,0.09425563,0.12151736,20977679327,15697925271
471,Dogecoin,DOGE,04-15-2021,0.18732627,0.12073597,0.12116701,0.18220744,17916620386,23540494382
472,Dogecoin,DOGE,04-16-2021,0.43770007,0.18048803,0.18158731,0.36587002,69410680685,47274068218
473,Dogecoin,DOGE,04-17-2021,0.37445468,0.23652374,0.36609822,0.28417344,31413404067,36722073277
474,Dogecoin,DOGE,04-18-2021,0.34991834,0.24644026,0.28510492,0.32047533,23464350388,41417581076
475,Dogecoin,DOGE,04-19-2021,0.4317513,0.30907954,0.32046625,0.40731778,30641432779,52646623418
476,Dogecoin,DOGE,04-20-2021,0.42234665,0.2716178,0.40843477,0.31949967,28130646191,41300434109
477,Dogecoin,DOGE,04-21-2021,0.34696557,0.29703581,0.31695281,0.30692451,12723463706,39679105903
478,Dogecoin,DOGE,04-22-2021,0.3087565,0.25627603,0.30599035,0.26096732,11879823706,33741377335
479,Dogecoin,DOGE,04-23-2021,0.26837765,0.1636686,0.26102259,0.24850933,16165566164,32134070797
480,Dogecoin,DOGE,04-24-2021,0.28938986,0.22989127,0.24954419,0.27021226,11057578568,34944176235
481,Dogecoin,DOGE,04-25-2021,0.28877098,0.22630098,0.2697894,0.25111084,6849914675,32477418138
482,Dogecoin,DOGE,04-26-2021,0.28045173,0.24802595,0.25124009,0.27067449,5118886527,35011409694
483,Dogecoin,DOGE,04-27-2021,0.27962881,0.26492827,0.27142657,0.2721883,3590611310,35210893019
484,Dogecoin,DOGE,04-28-2021,0.34466233,0.25623111,0.27227263,0.32368163,14464343767,41876610359
485,Dogecoin,DOGE,04-29-2021,0.32388057,0.29690443,0.32323237,0.30516938,5027354503,39485786704
486,Dogecoin,DOGE,04-30-2021,0.33975655,0.30298088,0.30470232,0.33756111,5290390982,43681559535
487,Dogecoin,DOGE,05-01-2021,0.39713547,0.32829023,0.33755868,0.39298743,10123343703,50860335491
488,Dogecoin,DOGE,05-02-2021,0.40002878,0.36487366,0.39108719,0.3760461,8040406918,48672985630
489,Dogecoin,DOGE,05-03-2021,0.44556693,0.37363145,0.37363145,0.44170671,10526649978,57177802914
490,Dogecoin,DOGE,05-04-2021,0.60599787,0.40079964,0.44027394,0.54133438,38238126181,70081925802
491,Dogecoin,DOGE,05-05-2021,0.69526219,0.5238221,0.53735514,0.65763288,42525098292,85147176077
492,Dogecoin,DOGE,05-06-2021,0.66361576,0.54510206,0.65284241,0.58080387,18989900291,75207782074
493,Dogecoin,DOGE,05-07-2021,0.73197154,0.52017412,0.5811097,0.68477698,28615083657,88680824303
494,Dogecoin,DOGE,05-08-2021,0.7375666,0.60816772,0.68780147,0.63643918,25555125135,82429781487
495,Dogecoin,DOGE,05-09-2021,0.69762489,0.42570568,0.63582032,0.57007049,46138063928,73841942943
496,Dogecoin,DOGE,05-10-2021,0.56968708,0.42129132,0.56968708,0.44996367,16514521828,58290605343
497,Dogecoin,DOGE,05-11-2021,0.54665073,0.44503421,0.45048767,0.49523086,14566975476,64161634641
498,Dogecoin,DOGE,05-12-2021,0.51997503,0.38537602,0.49374215,0.38537602,8621337859,49932901319
499,Dogecoin,DOGE,05-13-2021,0.51946095,0.35717463,0.39217599,0.49037394,18663174069,63544125614
500,Dogecoin,DOGE,05-14-2021,0.58968988,0.46462199,0.48707005,0.55960438,20466177002,72522897885
501,Dogecoin,DOGE,05-15-2021,0.56267582,0.49129942,0.55966842,0.50797205,9836892944,65838461456
502,Dogecoin,DOGE,05-16-2021,0.54814535,0.45102325,0.50790986,0.51489521,9541552064,66742824282
503,Dogecoin,DOGE,05-17-2021,0.51522146,0.45855106,0.51341305,0.48789165,7330830504,63249211418
504,Dogecoin,DOGE,05-18-2021,0.51559882,0.47038424,0.48695351,0.47611501,4802902841,61729644541
505,Dogecoin,DOGE,05-19-2021,0.68473451,0.21826701,0.47643534,0.33312345,15072620946,43194982873
506,Dogecoin,DOGE,05-20-2021,0.43319208,0.29625272,0.3302522,0.40019368,12415484460,51897302336
507,Dogecoin,DOGE,05-21-2021,0.41197455,0.31476616,0.39812371,0.35938192,7452862203,46609753575
508,Dogecoin,DOGE,05-22-2021,0.36051699,0.31816884,0.35871667,0.34237123,5243222352,44408253680
509,Dogecoin,DOGE,05-23-2021,0.35086283,0.24943722,0.34252179,0.30807063,7143545371,39963404929
510,Dogecoin,DOGE,05-24-2021,0.37148511,0.29629074,0.30671532,0.36616223,6821088755,47504120043
511,Dogecoin,DOGE,05-25-2021,0.38001017,0.32349721,0.36604128,0.34630195,5544552739,44932307822
512,Dogecoin,DOGE,05-26-2021,0.36591973,0.33885732,0.34639616,0.35369307,3355793260,45896157271
513,Dogecoin,DOGE,05-27-2021,0.35346291,0.32814405,0.35346291,0.33294531,2485942309,43208473793
514,Dogecoin,DOGE,05-28-2021,0.34787881,0.30151795,0.33365093,0.31120487,3289455640,40391360016
515,Dogecoin,DOGE,05-29-2021,0.3179185,0.28179255,0.31139811,0.30310971,2470710737,39344899569
516,Dogecoin,DOGE,05-30-2021,0.31032434,0.28768016,0.30296943,0.30222359,1929947933,39232589726
517,Dogecoin,DOGE,05-31-2021,0.32916285,0.29433017,0.30194858,0.32581045,2440829325,42298953606
518,Dogecoin,DOGE,06-01-2021,0.38307865,0.3123596,0.32574441,0.37007655,5796031087,48050998401
519,Dogecoin,DOGE,06-02-2021,0.44459,0.35258814,0.37030194,0.42337353,11425588479,54976914119
520,Dogecoin,DOGE,06-03-2021,0.44076295,0.37881918,0.42373928,0.39996289,6809900030,51942452228
521,Dogecoin,DOGE,06-04-2021,0.40098194,0.35144232,0.40098194,0.37632255,5889983048,48877461705
522,Dogecoin,DOGE,06-05-2021,0.39388581,0.36048813,0.37675215,0.3721774,3464039041,48345164969
523,Dogecoin,DOGE,06-06-2021,0.37679823,0.36725393,0.3716764,0.37180708,1836611411,48302113586
524,Dogecoin,DOGE,06-07-2021,0.37967759,0.32980618,0.37156634,0.33104994,3043974994,43011807788
525,Dogecoin,DOGE,06-08-2021,0.34143501,0.29666006,0.33182177,0.32768651,3918487504,42579375329
526,Dogecoin,DOGE,06-09-2021,0.353762,0.31313147,0.32642343,0.34333093,3154332929,44616868086
527,Dogecoin,DOGE,06-10-2021,0.34452856,0.32327813,0.34333929,0.3263507,2114010549,42414763171
528,Dogecoin,DOGE,06-11-2021,0.33322266,0.3115018,0.326364,0.31935918,1834446577,41510465777
529,Dogecoin,DOGE,06-12-2021,0.31933176,0.30180358,0.31889334,0.31208361,1605633791,40569059978
530,Dogecoin,DOGE,06-13-2021,0.33002575,0.3078921,0.31248462,0.32438177,1484851447,42172193662
531,Dogecoin,DOGE,06-14-2021,0.33692666,0.32008656,0.32390277,0.33208479,1613812023,43173647089
532,Dogecoin,DOGE,06-15-2021,0.33049503,0.31697569,0.3267852,0.32838122,1687965230,42701157582
533,Dogecoin,DOGE,06-16-2021,0.32139252,0.30548451,0.32037776,0.30776119,1391720788,40024275630
534,Dogecoin,DOGE,06-17-2021,0.31401057,0.30331583,0.30774912,0.30649565,1120766442,39863941887
535,Dogecoin,DOGE,06-18-2021,0.30775155,0.28048082,0.30642788,0.29347221,1846213589,38174078175
536,Dogecoin,DOGE,06-19-2021,0.29780315,0.28618894,0.29364877,0.28735578,1003248258,37382435534
537,Dogecoin,DOGE,06-20-2021,0.28972659,0.2564666,0.2863944,0.28090031,1963503800,36545750822
538,Dogecoin,DOGE,06-21-2021,0.28088891,0.16649053,0.28065974,0.17869117,5640232167,23250576500
539,Dogecoin,DOGE,06-22-2021,0.21612161,0.16465379,0.17868229,0.19103065,5992850344,24858743142
540,Dogecoin,DOGE,06-23-2021,0.24711037,0.18097941,0.19067143,0.23217351,5098674891,30217348680
541,Dogecoin,DOGE,06-24-2021,0.26868954,0.22252695,0.23496975,0.26278229,3844648059,34205589763
542,Dogecoin,DOGE,06-25-2021,0.28914532,0.23000565,0.26348025,0.23915293,5542163262,31131171916
543,Dogecoin,DOGE,06-26-2021,0.25512667,0.23097211,0.23767328,0.2447839,2649457302,31867533719
544,Dogecoin,DOGE,06-27-2021,0.26689135,0.24089435,0.24604547,0.26444968,2167521670,34431598886
545,Dogecoin,DOGE,06-28-2021,0.26698212,0.25076178,0.26491829,0.2568567,1932994784,33446496885
546,Dogecoin,DOGE,06-29-2021,0.27493964,0.25298763,0.25706059,0.26276884,2192562738,34221491748
547,Dogecoin,DOGE,06-30-2021,0.2635378,0.23826783,0.26341739,0.25421537,2047763830,33111043725
548,Dogecoin,DOGE,07-01-2021,0.26009185,0.23867681,0.25382802,0.24454948,2463946548,31852848923
549,Dogecoin,DOGE,07-02-2021,0.24799679,0.23884833,0.24398217,0.24526382,1321470954,31949253278
550,Dogecoin,DOGE,07-03-2021,0.25021383,0.24245441,0.24510558,0.24641099,917015818.9,32104908915
551,Dogecoin,DOGE,07-04-2021,0.25256665,0.24342506,0.24642478,0.24648301,973511518.6,32117665811
552,Dogecoin,DOGE,07-05-2021,0.24641907,0.22783804,0.24641907,0.23161442,1267949362,30183443827
553,Dogecoin,DOGE,07-06-2021,0.24190981,0.22984153,0.23121617,0.23442176,1265920169,30552518424
